"Variable1","Variable2","Correlation_Type","Correlation_Value","P_Value"
"Gender","Age","Point-Biserial",-0.596357670425538,2.1696791713804e-37
"Gender","Occupation","Cramer's V",0.843994501824076,8.86448019575714e-54
"Gender","Sleep.Duration","Point-Biserial",-0.121578537977851,0.0186688592706071
"Gender","Quality.of.Sleep","Cramer's V",0.476790724679518,1.50133423802783e-17
"Gender","Physical.Activity.Level","Cramer's V",0.0354688177137138,0.97630799056699
"Gender","Stress.Level","Cramer's V",0.702112388534364,6.2438545634808e-38
"Gender","BMI.Category","Cramer's V",0.306884284730088,2.94097039530216e-09
"Gender","BloodPressure_Upper","Point-Biserial",-0.210527206726845,4.06315452045409e-05
"Gender","BloodPressure_Lower","Point-Biserial",-0.268377961598402,1.36575010212559e-07
"Gender","Heart.Rate","Point-Biserial",0.21710484106195,2.28374392631307e-05
"Gender","Daily.Steps","Cramer's V",0.452225695743472,1.74009590242703e-16
"Gender","Sleep.Disorder","Cramer's V",0.280396413031574,5.87355231652855e-08
"Age","Occupation","Point-Biserial",0.29502125825558,6.01640341936802e-09
"Age","Sleep.Duration","Pearson",0.344709358164744,7.11713953121582e-12
"Age","Quality.of.Sleep","Point-Biserial",0.471113796127404,4.643582636498e-22
"Age","Physical.Activity.Level","Point-Biserial",0.172801863832912,0.000791007761921576
"Age","Stress.Level","Point-Biserial",-0.42234448262025,1.30264871555695e-17
"Age","BMI.Category","Point-Biserial",0.501121706491185,3.57595546378049e-25
"Age","BloodPressure_Upper","Pearson",0.605878444049096,7.61698324636911e-39
"Age","BloodPressure_Lower","Pearson",0.59383892047684,5.16594812993316e-37
"Age","Heart.Rate","Pearson",-0.225606190298593,1.05620248631514e-05
"Age","Daily.Steps","Point-Biserial",-0.0971789952425535,0.0604485932994737
"Age","Sleep.Disorder","Point-Biserial",0.432007300831813,1.94773090093845e-18
"Occupation","Sleep.Duration","Point-Biserial",-0.276873667418382,5.22919487540428e-08
"Occupation","Quality.of.Sleep","Cramer's V",0.575145478981691,7.67998753876635e-87
"Occupation","Physical.Activity.Level","Cramer's V",0.606899895559444,1.97867501963778e-98
"Occupation","Stress.Level","Cramer's V",0.656760493672152,8.47887406515057e-147
"Occupation","BMI.Category","Cramer's V",0.829150650526028,8.44148853632408e-52
"Occupation","BloodPressure_Upper","Point-Biserial",0.583468704790549,1.69809590364309e-35
"Occupation","BloodPressure_Lower","Point-Biserial",0.578281432849722,9.3001427140952e-35
"Occupation","Heart.Rate","Point-Biserial",0.0214120682353168,0.679789132016964
"Occupation","Daily.Steps","Cramer's V",0.659238872582726,5.69132161608e-90
"Occupation","Sleep.Disorder","Cramer's V",0.737988736707057,1.89715231992853e-40
"Sleep.Duration","Quality.of.Sleep","Point-Biserial",0.889080039686379,2.63937217032852e-128
"Sleep.Duration","Physical.Activity.Level","Point-Biserial",0.212333983616504,3.4745677596531e-05
"Sleep.Duration","Stress.Level","Point-Biserial",-0.811023027894043,1.23780761815382e-88
"Sleep.Duration","BMI.Category","Point-Biserial",-0.376518142831156,4.83609631965001e-14
"Sleep.Duration","BloodPressure_Upper","Pearson",-0.180406276430046,0.000454857919351691
"Sleep.Duration","BloodPressure_Lower","Pearson",-0.166569868502622,0.00122437315412993
"Sleep.Duration","Heart.Rate","Pearson",-0.516454888517142,6.91474013184824e-27
"Sleep.Duration","Daily.Steps","Point-Biserial",0.10313613335951,0.0462396068963233
"Sleep.Duration","Sleep.Disorder","Point-Biserial",-0.33862205034877,1.73837903398386e-11
"Quality.of.Sleep","Physical.Activity.Level","Cramer's V",0.512329548260065,1.2488835583834e-73
"Quality.of.Sleep","Stress.Level","Cramer's V",0.735958131494499,9.27432936447286e-159
"Quality.of.Sleep","BMI.Category","Cramer's V",0.552647111056169,9.12589574066272e-24
"Quality.of.Sleep","BloodPressure_Upper","Point-Biserial",-0.113320601655056,0.0284342039885888
"Quality.of.Sleep","BloodPressure_Lower","Point-Biserial",-0.106173431793428,0.0401475808333083
"Quality.of.Sleep","Heart.Rate","Point-Biserial",-0.641170926440735,1.0850820697376e-44
"Quality.of.Sleep","Daily.Steps","Cramer's V",0.481644870831771,9.77065749639685e-49
"Quality.of.Sleep","Sleep.Disorder","Cramer's V",0.489016046112806,1.73407545946503e-18
"Physical.Activity.Level","Stress.Level","Cramer's V",0.617917950713418,3.31149297952403e-108
"Physical.Activity.Level","BMI.Category","Cramer's V",0.640569418374618,3.68557912337411e-32
"Physical.Activity.Level","BloodPressure_Upper","Point-Biserial",0.257267246460289,4.56364028368552e-07
"Physical.Activity.Level","BloodPressure_Lower","Point-Biserial",0.374584216315163,6.65666495717404e-14
"Physical.Activity.Level","Heart.Rate","Point-Biserial",0.155779350338743,0.00251934523307984
"Physical.Activity.Level","Daily.Steps","Cramer's V",0.715072464049114,4.33553651478957e-115
"Physical.Activity.Level","Sleep.Disorder","Cramer's V",0.570587812394946,2.2438136728822e-25
"Stress.Level","BMI.Category","Cramer's V",0.490667241446466,6.58379565705509e-18
"Stress.Level","BloodPressure_Upper","Point-Biserial",0.102818158684646,0.046920013070915
"Stress.Level","BloodPressure_Lower","Point-Biserial",0.0918110351386843,0.0761716326140657
"Stress.Level","Heart.Rate","Point-Biserial",0.67002646299869,4.49292651716069e-50
"Stress.Level","Daily.Steps","Cramer's V",0.594627129132668,3.38379848058441e-75
"Stress.Level","Sleep.Disorder","Cramer's V",0.526263706260944,9.28989004373069e-21
"BMI.Category","BloodPressure_Upper","Point-Biserial",0.747523653583545,4.4215953293029e-68
"BMI.Category","BloodPressure_Lower","Point-Biserial",0.769153676960618,2.46621247697334e-74
"BMI.Category","Heart.Rate","Point-Biserial",0.336579133305586,2.33570641630387e-11
"BMI.Category","Daily.Steps","Cramer's V",0.590260556512302,4.65019299656529e-28
"BMI.Category","Sleep.Disorder","Cramer's V",0.802347441138811,2.67618785495499e-54
"BloodPressure_Upper","BloodPressure_Lower","Pearson",0.97288498709324,1.24223611677173e-238
"BloodPressure_Upper","Heart.Rate","Pearson",0.294142921256403,6.7040211828227e-09
"BloodPressure_Upper","Daily.Steps","Point-Biserial",-0.0135063897839751,0.794602539351761
"BloodPressure_Upper","Sleep.Disorder","Point-Biserial",0.692480206558568,1.05803264984816e-54
"BloodPressure_Lower","Heart.Rate","Pearson",0.27109221898246,1.00859249888501e-07
"BloodPressure_Lower","Daily.Steps","Point-Biserial",0.133125539895682,0.00995498478098468
"BloodPressure_Lower","Sleep.Disorder","Point-Biserial",0.705024702879558,1.7743581146447e-57
"Heart.Rate","Daily.Steps","Point-Biserial",-0.0352037876465317,0.497302408739878
"Heart.Rate","Sleep.Disorder","Point-Biserial",0.330253801872994,5.74958772147465e-11
"Daily.Steps","Sleep.Disorder","Cramer's V",0.441663977286021,9.93820082515064e-16
